session_id,user_id,title,created_at,updated_at
20251110-035105-5cb20620,,,2025-11-10T03:51:12.680968,2025-11-10T03:51:12.680968
20251110-215008-43499a65,,,2025-11-10T21:50:16.174596,2025-11-10T21:53:07.455077
20251110-215406-af226c0e,,,2025-11-10T21:54:10.376963,2025-11-10T21:54:53.085851
20251110-223513-4e6c8249,,,2025-11-10T22:35:28.048127,2025-11-10T22:37:50.171719
20251110-223808-f49f43de,,,2025-11-10T22:38:12.379924,2025-11-10T22:39:43.207504
20251110-225331-7f9d3bdf,,,2025-11-10T22:53:37.674179,2025-11-10T22:54:39.863854
20251110-225456-55d7a4ba,,,2025-11-10T22:55:01.079415,2025-11-10T22:55:23.133668
20251110-231407-78dbd77a,,,2025-11-10T23:14:13.728720,2025-11-10T23:14:30.531482
20251110-231519-601b3830,,,2025-11-10T23:15:34.570877,2025-11-10T23:16:24.663226
20251110-231631-ec293606,,,2025-11-10T23:16:35.417426,2025-11-10T23:31:11.772659
20251111-002829-119d1ee3,,,2025-11-11T00:28:36.767960,2025-11-11T00:49:19.585174
20251111-171618-cd5e9451,,,2025-11-11T17:16:46.278314,2025-11-11T17:57:49.339988
20251111-180101-50a2b08e,,Culinary arts,2025-11-11T18:01:27.744529,2025-11-11T18:03:14.301798
20251111-202927-630e5772,,,2025-11-11T20:29:54.609320,2025-11-11T20:39:37.848284
20251111-212800-048612d8,,,2025-11-11T21:28:14.166183,2025-11-11T21:28:14.166183
20251111-215217-93bbd4e9,,agentic AI,2025-11-11T21:52:35.872847,2025-11-11T21:57:59.481559
20251111-220143-8e5a846b,,cloud security risks,2025-11-11T22:02:14.019874,2025-11-11T22:19:30.339061
20251111-223340-69174b73,,,2025-11-11T22:33:55.840094,2025-11-11T22:34:22.929492
20251111-223456-26f07d73,,,2025-11-11T22:35:19.825615,2025-11-11T22:35:19.825615
20251111-223551-03c8c7a8,,,2025-11-11T22:36:04.166228,2025-11-11T22:37:59.439296
20251111-235039-a4260aea,,,2025-11-11T23:50:51.859070,2025-11-11T23:51:25.176210
20251113-013519-2fbefeeb,,,2025-11-13T01:35:34.626708,2025-11-13T01:53:41.342710
20251113-015700-da11faec,,,2025-11-13T01:57:18.878551,2025-11-13T01:58:02.387552
20251113-015821-4246b0c2,,,2025-11-13T01:59:07.861279,2025-11-13T01:59:07.861279
20251113-020903-2521db17,,,2025-11-13T02:09:22.704696,2025-11-13T02:09:22.704696
20251113-021048-9a889a7a,,,2025-11-13T02:11:16.021747,2025-11-13T02:11:16.021747
20251113-040547-8d8873d6,,,2025-11-13T04:06:29.699273,2025-11-13T04:10:25.412577
20251113-041323-a9099670,,,2025-11-13T04:13:59.176911,2025-11-13T04:14:52.707728
20251113-041910-05db4156,,,2025-11-13T04:19:36.604254,2025-11-13T04:21:15.151607
20251114-025121-e02e7a0f,,,2025-11-14T02:51:50.131131,2025-11-14T02:53:19.202226
20251114-033255-4d52ed79,,,2025-11-14T03:33:10.328618,2025-11-14T03:33:10.328618
20251114-034733-0b5e2904,,,2025-11-14T03:48:18.588074,2025-11-14T03:48:18.588074
20251114-123856-7a8afe92,ObjectId(6916a6a2b9626bc5e56a65c5),apple,2025-11-14T12:39:27.400451,2025-11-14T12:41:29.813233
20251114-124140-e54118fd,ObjectId(6916a645b9626bc5e56a65c3),,2025-11-14T12:41:59.756281,2025-11-14T12:47:41.532640
20251114-124702-76a9581b,ObjectId(6916a6a2b9626bc5e56a65c5),,2025-11-14T12:47:26.495084,2025-11-14T12:47:26.495084
20251114-124757-2fc7a6da,ObjectId(6916a645b9626bc5e56a65c3),,2025-11-14T12:48:14.819853,2025-11-14T12:55:08.364395
20251114-125455-c8488dbd,ObjectId(6916a6a2b9626bc5e56a65c5),Bose,2025-11-14T12:55:12.778496,2025-11-14T22:17:53.079132
20251114-165126-8ed35a8f,ObjectId(6916a645b9626bc5e56a65c3),,2025-11-14T16:51:45.498114,2025-11-14T16:52:55.730689
20251114-165548-8618a525,ObjectId(6916a645b9626bc5e56a65c3),,2025-11-14T16:56:14.755690,2025-11-14T16:56:14.755690
20251114-165924-e2870f0a,ObjectId(6916a645b9626bc5e56a65c3),,2025-11-14T16:59:46.207665,2025-11-14T16:59:46.207665
20251114-170654-79291137,ObjectId(6916a645b9626bc5e56a65c3),,2025-11-14T17:07:13.299230,2025-11-14T17:07:13.299230
20251114-171729-9fd1d7d0,ObjectId(6916a645b9626bc5e56a65c3),,2025-11-14T17:18:02.432367,2025-11-14T17:19:07.191204
20251114-215039-5bfaf243,ObjectId(6917a40f6aa8a8827e8442c9),general,2025-11-14T21:50:39.091825,2025-11-14T22:35:16.015188
20251114-221818-af29cd3b,ObjectId(6916a6a2b9626bc5e56a65c5),,2025-11-14T22:18:48.943499,2025-11-14T22:18:48.943499
20251114-222749,ObjectId(6917a40f6aa8a8827e8442c9),new;topic=Bose speaker,2025-11-14T22:27:49.060163,2025-11-14T22:27:49.060163
